sort, nth_element, max_element, max_element_ben_deane, accumulate, transform_reduce
5190.49,9637.74,18185.1,12386.2,5490.1,11714.1
4838.23,4140.38,12782.2,16768,5545.8,11406.3
4355.45,6654.27,12623.2,12227.7,5418.6,11493.4
4464.56,2598.69,14997.1,12295.4,5556.15,11896.9
5039.92,2835.86,14741.3,12196.8,5611.94,10659.9
5128.31,4432.88,13686,12302.4,5582.95,10940.7
4938.18,6747.78,13020.7,12450.8,4889.8,11287.8
6406.31,6190.05,16982.2,12393.4,5524.38,12414.9
5608.02,7143.43,13865,12549.3,5322.54,11006.5
5842.4,5822.85,14055.4,16325.1,5260.96,11459.2
5269.3,6018.5,13536.5,12996.9,11711.7,11310.8
4731.4,4997.61,13006.9,12092.2,5376.96,11173.8
5481.16,5302.98,13052.6,17596.5,5301.65,12299.2
6431.61,5666.98,12810.8,12342.9,5623.63,12359.1
5669.46,6110.45,14533.4,12195.1,5571.89,10601.1
5256.44,6946.09,17657.9,12412.5,5461.56,11385.3
6241.4,5512.35,13445.3,12210.7,5786.79,12542.5
5099.24,3304.72,14676.4,17501.6,5143.36,12044.3
5282.34,2281.46,14674,12275.7,5275.49,12339.8
4941.53,6241.34,12493.8,11974.6,5546.23,12093.6
4887.76,2361.8,13510.2,12333.3,5402.2,12303.1
5122.58,5753.7,13537.2,12362.6,5444.05,11044
4969.36,5931.79,14372.5,12328.8,4899.66,12515.6
5048.92,1791.79,19017.4,12252.7,5264.81,12902.2
4978.97,6772.72,14555.7,12321.8,5304.65,11337.5
5150.24,3227.71,15011.6,16922.8,5506,12424.4
5178.61,2586.47,14508,12168.1,5453.39,12185.4
5178.17,6690.98,15288.4,12291.1,5625.62,11733.9
5409.86,4426.44,12195.1,12232.8,5522.47,12429.1
5293.85,6581.45,13650.4,12073.3,6110.52,11796.5
5364.65,3194.14,12642.8,12663.8,5385.63,11097.9
5261.98,4825.38,17999.8,12314.7,5511.85,11443.4
5180.32,5479.4,14059.5,12271.7,5260.43,12254.2
7681.97,6585.52,13631.5,16701.7,5348.12,12259.4
5195.9,5008.1,14189.5,12846.5,5187.69,12255.6
4833.35,5550.52,12778.1,12364,5178.37,11977.8
4735.92,4911.37,12885,12362.5,5061.11,12054.3
4924.95,5880.9,14124.2,12240.9,5296.1,12393.8
5268.18,4842.04,13089.8,12064,5231.19,11629.1
5280.35,8296.09,17858.6,12349.7,4978.64,11075.4
5502.24,3877.27,12541.3,12284.1,5322.82,12069.5
5376.61,7513.72,14596.9,16416.8,5257.48,12080.1
5348.06,2719.74,13652,12010.9,5041.06,12384.3
4980.09,1048.61,15584.2,12254.7,5656.97,12348
4974.09,4855.17,13026.7,12105.3,5393.01,12266.6
4661.77,5096.89,12300.2,13337.7,5576.93,12485.8
4707.69,6907.35,13523.3,12294,5390.91,12089.9
4798.68,6132.26,19488.1,12558.1,5466.36,11868
4627.7,5060.67,14737.2,13070.1,5669.69,12275.5
4663.36,7168.98,13888.3,16356.5,5532.94,12541.1
4765.59,1244.43,13434.1,12401.5,5129.39,11691.6
4620.98,7101.58,12946.6,12154.3,5266.87,11410.4
4689.96,2116.05,13366.5,12332.3,5648.96,11126.4
4820.42,7431.97,12650.5,13015.5,5133.12,11691.6
4881.62,3504.31,13172.6,12523.4,5410.98,12256.1
5034.12,7428.82,19215.4,12196.5,5169.06,12023.2
4951.81,5168.27,12716.5,12263.5,5592.26,11919.4
4534.34,7021.26,13886.3,17118.4,5104.95,11787.8
4406.25,7689.32,14353.2,12190.5,4893.07,12311.2
4456.4,6005.8,12748.2,12151.1,5146.73,11111
4542.65,6649.6,13442.6,12320.9,5243.62,12166.6
4685.57,7874.86,14500.6,12355.2,5159.41,11473.8
4705.31,6783.7,12869.1,12450.8,5322.72,11530.6
4713.69,6575.84,17247.1,12069.2,4990.23,12362.2
4849.26,6840.47,15118.8,13412.4,5457.99,12419
4843.04,6113.56,13613.2,16090.7,5512.32,12045.4
4836.29,10383.2,15086.9,12163.9,4807.92,12294.7
4722.47,5226.56,14981.2,12907.9,5429.28,12025.7
4717.58,6197.06,13107.6,12223.7,5056.03,11967.9
4798.52,4663.22,13149.5,12256.8,4997.58,12143.5
4798.62,5855.31,14403.3,12936.2,5248.2,11654.3
4752.77,5581.44,19327.1,12403.3,5442.13,11942.6
4752.92,6354.52,13141.9,12912.6,5604.33,11124
4758.91,5934.44,13267.4,17697.8,5947.27,11875.2
5597.07,5126.22,12424.3,12624.6,5438.04,12213.8
5771.37,5235.74,13625.5,12490.3,5360.84,11895.3
5103.79,5274.45,12662.4,12262,5496.69,12335.8
4955.16,5726.24,14413.2,12312.7,5457.32,12013.4
5015.15,5195.53,15651.7,12794.3,5438.99,12091.4
4959.84,6415.73,17510.9,12359,5454.42,10913.2
4864.84,3898.74,12816.9,13313.2,5578.88,11933.5
5034.19,7205.1,12862.4,16411.3,5467.86,11736.4
4881.67,1878.71,14106.1,12154.5,5395.21,12158.6
4956.56,5483.36,14493.5,12339.9,5402.04,12295.2
5020.51,4537.78,12732.1,12150.3,5378.3,12162
4945.19,6382.94,12446,12256.3,8009.1,12345.6
5016.47,4325.6,14683,12401.5,5608.89,17097.7
4995,8600.66,19134.5,12319,5487.76,11808.8
5031.59,2908.88,15867.2,12148.9,5173.21,11893.7
5017.61,5275.48,15155.8,16906.8,5534.76,12253.5
5005.37,6153.76,12923.7,12408.2,5479.88,12410.6
4943.18,3022.77,12669.1,12256,5585.87,11220.2
4904.93,5512.57,13352.4,12411.4,5585.45,11477.7
5067.76,4000.3,13640.3,12180.9,5358.98,12238.5
4949.39,7456.67,14397.5,12063,5506.01,12500.7
5149.94,4885.42,17309.5,12845.9,5391.96,11441.3
5153.11,1851.39,14040.3,12028.7,5539.07,15180.3
5065.01,4669.87,14545.4,16574.7,5448.02,12885.5
5246.22,6893.89,16822,12412.5,5650.88,12086.8
5194.7,8383.99,13246.5,12208.5,5316.92,11951.5
5254.29,4687.32,12762.4,12159.6,5542.68,11955.3
5194.59,7005.42,14334.9,12801.5,5475.77,12136.4
5216.84,6072.27,13886.9,12280.3,5378.25,12449.9
5207.86,2511.41,17683.9,12197.2,5190.22,12358.1
5123.07,7712.78,13290.2,12628.4,5096.49,12265.7
5236.38,3059.43,13439.8,15854.1,5197.8,11025.5
5354.16,3275.66,12430.6,11951.2,5431.03,12235.5
5398.48,5522.02,12539.2,12791.7,5600.33,10807.7
5336.95,6048.86,12755.2,12197.6,5210.78,10969.8
5520.19,7302.6,13143,12174.3,5521.92,11462.9
5390.32,4379.5,14351.9,12132.5,5129.26,11799
5374.08,6526.61,19283.5,12212.5,5267.41,12107
5593.89,4066.86,14810.6,12199.5,4829.85,12119.8
5914.24,6273.78,14158.9,16009.8,5410.05,12196.4
5692.78,2593.65,13688.1,12272.6,5515.88,11229.3
5756.91,2918.32,14534.8,12150.9,5277.72,11742.5
5719.61,3330.99,12487.2,13072.4,5566.07,11512.9
5748.75,5471.55,14490.2,12184.5,5454.31,12134.6
5517.86,4301.35,14094,12384.9,5577.54,12230.8
5610.49,6304.87,17435,12241.9,5174.1,11474.3
5361.59,7863.92,14618,12049.8,5255.41,11474.7
4989.27,6430.27,14326.6,16501.6,5268.79,12243.5
4825.58,4637.85,12949.7,12967.2,5420.98,12695.3
4630.62,3749.99,14855.8,12502.3,5488.98,12475.3
4767.7,3905.61,12499.6,12190.3,5032,10794
4690.57,2967.7,14660.6,12299.6,5366.8,11097
4732.15,6875.89,12467.2,11977.5,5594.73,12455.9
4735.82,5702.83,17171.1,12198.2,5575.48,11099.9
4612.47,7549.49,14635.3,13145.9,5445.44,11673.2
4661.46,3474.71,14489.5,16203.7,5116.09,12341.4
4697.7,3564.76,13788.9,12944.6,5597.3,10996.3
4457.1,5866.57,13379.4,12174.1,5378.86,12286.7
4490.87,6702.45,12673.3,13244.4,5579.71,11256.2
4462.23,6909.43,13678.2,13106.3,5457.47,12106.4
4694.29,4815.02,14170.2,12260.2,5283.61,11315.3
4648.32,5215.74,17580.7,12220.5,5326.91,11549.6
4679.3,6448.43,14786.7,12184.5,5506.24,11978
4674.55,3741.5,13937.5,16871.2,5332.41,12168.4
4722.85,6216.2,13643.2,12259.6,5229.27,11228.6
4714.86,1831.94,13589.6,12129.1,5549.22,12429.9
5855.02,5422.17,14110.2,12238.2,5575.77,11491
4980.29,3705.13,12936.9,12844.6,5526.94,11953.6
4894.78,6214.87,15233.3,12263.2,5442.89,12198.9
4816.89,6771.3,17841.4,12347.6,5472.65,12558.7
4825.21,4327.47,15555.6,12289.6,5210.62,12539
4698.79,4383.88,14751.1,16626.5,5525.87,12188.2
4853.34,3708.57,14670.5,12266.1,5051.23,11404.8
4769,4930.94,12404,12331.5,5225.68,11514.5
4786.56,6766.91,13316,12331.1,5353.33,12366
4590.78,3382.19,13715.2,12313.2,9480.45,12468.4
4755.8,2850.01,12656.3,13009,5430.47,10933.3
4766.54,5029.93,19041.9,12336.7,5324.5,12152.9
4908.23,5921.71,13609.5,12158.8,5500.12,12204.2
4901.01,2275.53,14018.1,16877.3,5553.24,11870.6
4868.54,4331.14,14268.3,12502.5,5522.89,12425.2
4680.31,3167.35,14973.7,12159.5,5059.15,11361.6
4765.53,3220.2,14276.8,12161.9,5492.06,12176.7
4807.26,3750.35,12484.2,12279.3,5447.93,12662.2
4819.57,1424.41,12259.8,12173.4,5613.55,11453.3
4852.81,5094.75,22840.8,12269.8,5591.71,12070.6
4907.58,5452.15,15298.2,12537.1,5467.24,11698.5
4891.6,3888.89,12975.8,17119.2,5494.46,12747
5015.27,4730.61,13649.9,12369.3,5387.54,12282.9
4976.76,4362.11,14231.1,12538.3,4931.49,11098.3
5126.93,7242.34,12714.9,13072.2,5429.72,11415.4
5111.41,6062.92,12427.8,12421.3,5592.98,11487.1
5094.93,7008.72,14446.7,12103.5,5357.65,11395.9
5343.86,7436.27,17382.8,12138.4,5694.3,12354.7
5152.94,4448.48,12684.8,12475.1,5226.5,12348.1
5196.68,5939.67,14070.7,16627.9,5199.77,11565.9
4945.64,6206.65,14493.4,12427,5437.76,11489
4608.51,4805.19,14480.8,12232.7,5500.44,12120.2
4614.15,6398.14,14214.2,12317.7,6654.63,12295.4
4603.81,3179.26,13241.7,12350.5,5554.05,11836.5
4746.93,4317.17,14117.3,13008.2,5093.34,12372.6
4707.2,5887.99,16420.8,12403.4,5339.43,12048.4
4801.24,8319.81,13315.5,13067.3,5489.96,12401.8
4906.78,4729.44,13305.5,16146,5504.47,11219.5
4878.18,7762.31,13699.9,12342.6,5361.08,12313.4
4950.94,4508.76,13902,12315.1,5147.31,12145.9
4966.35,6532.36,15704.7,12439.4,5428.71,12255.6
4819.69,5943.67,15045.2,12203.5,5567.62,12132.3
5283.07,4673.11,12729.2,12533.7,5559.28,11974.2
4855.22,3592.06,17237.4,11961.2,5578.51,11798.5
4848.84,1498.63,13290,12768.2,5640.57,11373.1
5563.66,7763.71,14292.4,17030.8,5253.08,12320.4
5848.6,6625.84,14210.9,13248,5488.42,11848.5
5813.01,4064.1,14654.2,12329.9,5707.98,12130.2
6182.21,7577.46,13223.3,12300.2,5502.56,12216.7
5684.77,5833.44,13618.3,11952.6,5566.89,12045.1
4882.23,6361.95,13402.1,12550.5,5412.29,12024.4
4630.72,6676,17035.5,12212,4842.04,12122.9
4472.61,4159.61,13336.8,12600.9,5422.56,12190
4564.18,6911.54,13316.8,16341.6,5486.64,12179.3
4531.97,7547.73,14504.9,12522.3,5437.25,12235.5
4627.39,5757.41,13645.6,12232,5134,11816.8
4746.93,5879.47,14357.1,12240.4,5161.06,12479.9
4750.02,5847.8,14172,13195.8,5091.96,12026.1
4755.47,5301.06,14469.2,12484.8,5221.89,11264
4819.63,6938.52,17532.2,12385.3,5527.69,11943.1
4889.27,6708.61,13962.6,12497.8,5405.24,12011.7
5023.64,4883.85,14873,16046.1,5323.21,12282.7
5026.3,7284.2,14509,12232.4,5111.01,12173.6
5037.22,5789.51,13722.9,12270,5506.77,11945.5
5093.48,4224.76,13702.7,12290.1,4911.86,11983.7
5262.26,5127.37,13720.9,12291,5573.9,12185.7
5380.37,6915.07,15124.1,12278.7,5521.35,12335.7
5308.44,6466.65,20615.2,12470.9,5563.7,12114
5332.68,5685.43,13416.2,12665.3,5385.28,11197.9
5275.3,6728.05,12671.6,16927.6,5631.97,12212.2
5263.21,2292.96,13169.3,12191.9,5458.1,12340.5
5359.4,6630.59,13866.2,11915.6,5635.6,11300.9
5241.18,6955.83,13604.6,12327.7,5389.35,11393
5714.63,2154.91,12649.8,12187,5069.76,11326.4
5325.24,4725.97,14334.4,12206.8,5146.01,11644.1
5165.56,3866.25,17531.6,12490,5303.45,10615.1
4693.57,5962.67,13899,12348.8,5606.65,10609.3
4623.94,6338.73,13119.6,15954.3,5400.63,12001.4
4925.18,5820.7,13007.3,12230.7,5510.77,11755.4
5117.57,6041.95,14244.5,12414.2,8306.62,11275.9
5248.22,4139.85,14311.8,12274.4,5222.54,11451.2
5336.92,3533.72,14939.7,12191.5,5033.95,12236.9
5408.04,6977.18,12975.5,13116.3,5422.73,11515.4
5401.65,6996.37,16959.9,12416.9,4931.84,11367.8
5444.04,8136.01,15113.1,12179.4,5210.24,11824.9
5411.37,4507.16,12727,16504.3,5489.87,24262.2
5385.15,5503.88,14734.1,12183.8,5465.06,12568.7
5219.96,4457.31,12694.2,12607.1,5149.05,11823.6
5447.18,2742.82,13484,12450.2,5667.9,14377.6
5260.85,5243.12,13639.6,12502.4,5465.33,11619.8
5380.59,7302.82,12791.6,11967.8,5455.3,10403.8
5427.26,4966.4,17546.2,12836.1,5554.65,10630.7
5541.12,6006.63,13139.5,12030.9,5583.86,10591.7
5686.75,4662.37,12969.7,17112.6,5547.45,10488.6
5450.18,5349.2,13770.1,12181.3,5461.69,10488.8
5485.51,5672.12,13467.9,12795.7,5175.55,10486.9
5470.23,3905.74,14824.2,12086.8,4898.28,10372.2
5446.28,5350.06,12990.1,12464.5,5851.42,10419.5
5353.5,4108.41,13046.5,12374.4,5629.14,10353.4
5357.91,2937.63,17566.9,13333.6,5550.28,10364
5510.09,3772.91,12628,12254.8,5489.84,10444.9
5426.94,7489.15,12369.5,17085.5,5585.99,10339.1
5344.22,7197.13,12142.1,12417.1,5283.78,10337.4
5458.83,7362.3,13295.5,12894.2,5549.89,10797.1
5409.85,6401.23,14787.5,13206.5,5487.62,10330.1
5812.17,4560.95,14603.7,12901.6,5562.56,10507.3
5442.05,5531.39,13037.6,12273.7,5249.6,10503.6
5395.13,4506.76,18462.5,12406.8,5682.15,11210.7
5356.87,3642.26,13681.1,12050.6,5550.61,10880.4
5469.29,5116.4,13704,16562.2,5413.87,10453.5
5307.73,5443.41,13238.8,12585.8,5460.99,10380.8
5386.71,3373.75,14503.2,11949.8,5361.24,10323.9
5282.97,4915.95,13262.1,12274,5353.56,10435.7
5353.56,5611.49,13189.8,12011.7,5367.09,10581.1
5381.48,6688.9,12870.4,12145.8,4956.75,13609
5511.65,7799.91,16230.6,12255.9,5641.47,10537.3
5436.08,1726.67,13447.4,12349.7,5514.72,10612.8
5421.56,7906.58,14459.2,16602.5,5711.88,10451.1
5362.96,7465.56,12865.2,11959,5292.34,10478.9
5249.99,5969.04,13695.5,12089,5468.44,13367.6
5324.94,5758.32,12988.7,12375.4,7026.52,11470.9
5385.85,6703.04,15611.3,12370.4,5236.58,10588.7
5271.83,6866.09,14357.2,12338.4,5554.44,11500.2
5200.66,4375.56,17221.7,12392.5,5445.31,10362.5
5167.77,10663.7,12757.1,12519.7,5487.25,11931.7
5267.53,7809.53,12665,16268.3,5242.81,11180.2
5351.03,5039.59,12468.8,12870.6,5560.76,12249.1
5203.84,5337.74,13827.1,12554.2,5538.56,10629.1
5281.76,7634.3,14654.2,12288.8,5381.59,10477.1
5290.23,4836.84,14828.2,12282.3,5636.89,10471.1
5935.89,2677.61,14064.3,12428.1,5321.69,10470.5
5646.37,3170.22,18650.6,12276.2,4973.54,10546.5
5462.6,2462.74,14950.2,12285.8,5426.69,10379.3
5055.76,7791.1,13149,16695.7,5528.65,10933.9
4964.48,9704.77,14506.8,14277.9,5587.68,10417.7
4971.92,6587.65,12779,12351.6,5453.2,10754.6
4887.9,2282.82,14433.6,12699.6,5476.06,10351.4
4849.89,6467.66,14156,12371.7,5301.62,10548.8
4870.67,6335.77,12698.1,13177.6,5114.31,10528.4
4734.96,5328.24,18040.4,12433,5135.52,10688.2
5252.05,7057.43,14075.4,13606,5464.02,11069.5
4601.89,5457.19,14359.4,16272,5460.24,11131.3
4986.09,5742.14,14513.1,12428.3,5329.17,10934.4
4590.08,7268.14,12724,12297.1,5488.08,11285.6
4769.63,3752.11,12738.7,12675.8,5568.49,11362.7
5495.25,4638.57,14140.9,12205.4,5505.76,11575.2
5619.22,6782.32,14845.9,12210.6,5537.22,10609.6
5912.36,3862.45,17947.9,12049.3,5589.08,12587.4
6106.57,6936.61,12568.7,13197.6,5313.22,11560.3
6272.02,6374.61,12934.2,16556.4,5378.72,11171.6
5324.54,2789.62,14700.1,12345,9406.33,11241.5
5285.98,3268.94,14433.7,12070.8,5453.49,11381.6
5095.45,5543.5,14257.5,14234.5,5118.36,11605.7
5024.29,6431.7,13762.5,12401.9,5104.49,11042.4
5015.69,5393.01,13379.5,11980.7,5260.53,11278.6
4930.68,5258.41,17472.5,12542.8,5479.17,10617.7
4861.88,3488.12,15756,12484.1,5424.79,10452
5017.72,5256.56,12527.8,16927,5298.58,10734.8
5034.58,4894.09,12902.1,12003.7,5557.71,10711
5035.57,5949.45,14875.1,12293.3,5489.07,10982.8
4982.21,6732.59,15192.2,17430.6,5462.41,10694.3
8044.87,5846.09,13325.5,12399.5,5498.78,10719.9
4345.04,8066.42,12738.7,12520.6,5495.84,11164.1
4579.09,2650.91,19553.9,12278.1,5021.63,10662.8
4391.05,2930.2,13812,12290.7,5448.78,10498.1
4409.67,6896.23,14492.1,16740.2,5482.43,10711.7
4707.24,3182.27,14385.9,12386.9,5416.42,10988.4
4527.67,3404.75,13005.4,12353.9,5034.71,13176.5
4950.52,4583.17,14582.8,12349.4,5481.76,11103.8
5815.85,6141.08,12591.2,12354.7,5440.49,10620.3
4870.87,6784.27,14814.1,12104,5413.95,10742.9
4843.45,4565.54,16860.6,12432.6,4879.03,10995.8
4743.11,2904.26,13115.3,12356.9,4954.72,11125.9
4736.1,4783.58,12567.2,16529.4,5535.6,10575.1
4755.32,5930.63,13238.2,12357.6,5306.3,10494.9
4920.16,6015.33,14673.8,12348.4,5359.78,12047.6
4958.47,2062.93,15482.1,12196.7,5393.27,11330.4
5140.12,6257.12,14736.3,12785.2,5331.03,11205.2
4690.61,3984.24,15174.2,12366,5415.45,10660
4482.28,2981.88,17400.7,12892.7,5374.26,10972.6
4653.04,8211.17,14623.2,12522.3,5318.35,10648.8
4711.11,5233.84,13304.9,16394.7,5463.36,10931.5
4611.22,4815.86,13406.3,12334.5,5572.29,10826.1
4677.32,6418.63,13503.1,12598.1,5053.21,11382.8
4640.59,2803.66,13359.9,12058.7,5145.77,10941.8
4637.16,2979.43,14294.7,13384.8,5184.34,10946.9
4593.4,4285.82,14365.3,12210.9,5427.14,11468.8
4552.42,5791.4,18878.6,12322.9,5003.52,11849.5
5522.54,4958.74,13053.9,12458.3,5388.16,10660.4
6004.42,7455.99,14060.7,16611,5338.63,10579.2
6300.37,6454.04,14724.2,12258.2,5273.42,10534.5
5786.34,5726.03,18716.8,12253.3,5440.8,10904.4
5099.7,7135.76,13793.8,12401.4,5195.99,10824.6
4930.49,5040.47,13538,12203.1,5155.48,11223.2
4872.62,5536.76,17838.7,12180.7,5431.32,11431.1
4795.73,6513.59,19347.2,12975.3,5421.57,11049.7
4780.44,5858.98,13312,12527.7,5204.72,10526.1
4809.67,3542.43,12561.4,17142.7,5626.45,10559.3
4607.55,1731.79,13114.3,12401.2,4810.64,10567
4743.87,3984.72,13321,12226.7,5696.84,10357.1
4981,4176.02,15105.1,12341.2,5450,10705.2
4527.03,6675.99,12353.1,12389.6,5328.48,11769
4585.21,6207.75,14589.5,12292.3,5601.06,12017.7
4669.26,4188.56,16938.5,12438.9,5313.8,10795.8
4696.52,3758.18,13770.1,12002.2,5366.78,11238.7
5786.36,6910.02,12466.8,16655.1,4969.47,10566.8
4835.09,5014.55,15039.9,12279.6,5501.66,11270.6
4866.72,4741.15,13125.4,12294.6,5161.68,10607.3
4883.04,3332.89,13847.9,12270.6,5493.78,10878.1
4889.02,5992.54,13520.7,12458.8,5293.27,10668.1
5035.55,4828.7,13424.6,12241.2,5409.17,11195.8
4925.27,7245.1,17266,12995.8,5470.38,10702.9
5031.51,4084.82,13718.7,12912.4,5716.16,10824.9
4996.43,4449.35,12267,16842.8,5145.5,10882.2
4951.91,3718.42,14041,13314.6,5237.17,10836.7
5024.44,5661.25,14502.7,13424.1,5395.53,10884.9
4997.85,5785.3,12659.7,12325.8,5498.88,10834.2
5053.91,6383.49,14497,12360.9,5479.29,11066.3
5158.97,4969.5,14160.2,12233.9,5514.97,11044.4
5127.15,7502.94,18785.9,12480.1,5899.11,10615.3
8328.49,7858.21,12781.5,12124.8,5018.26,10966.4
4835.81,8008.35,14125.3,16710.1,5347.4,11117.1
4334.09,4950.38,13167.9,12202.9,5490.03,10897.4
4418.92,4995.66,14312.5,12357.8,5214.64,11500.1
4517.36,5581.96,14722.9,12147.9,5150.16,10897
4561.18,3796.82,14606.9,12269.8,4870.61,10969.3
4547.78,3836.48,23942.7,12575,5534.1,10923.7
4629.21,4900.88,18070.5,12209.5,5058.81,11138.6
4639.46,4225.15,17602.7,12411.1,5206.45,10818.6
4614.02,3951.03,14186.6,20259.2,5400.18,11070.3
4702.6,2961.22,14589.3,12165.4,5831.16,10948.8
4677.58,6306.81,14732.9,12375.2,5077.41,11722.2
4763.86,6582.43,17430.1,12256.8,5479.35,10962.3
4761.38,5144.07,14228.3,12356.8,5293.37,10844.6
4714.67,5691.48,12699.9,12258,5388.48,10826.2
4718.27,5066.7,13123.9,12232.8,5432.21,11032
4730.87,6103.4,14737.4,12283.5,5436.41,11011.1
4824.53,7710.16,13377.4,16016,5389.93,10844.6
4796.76,5015.06,14213.5,12401.2,5383.16,10903.7
4714.38,6355.87,13826.4,12436.3,5289.74,10712.7
4883.69,7112.75,18217,12400.6,5363.92,11115.3
4737.76,2525.89,13891.1,12156,5508.02,11120.8
4825.87,2211.13,17089.3,12412.1,5471.88,11159.4
4910.62,7927.09,13868.4,12066.4,5416.49,11008.5
4620.83,5773.34,14038.9,13319.8,5580.43,11080.7
4714.83,1897.78,14430.1,16502.5,5032.73,11145.6
5024.85,5819.41,14844.8,12239.5,8810.32,11030.8
5041.59,5753.83,13810.9,12536.1,5415.49,11046.4
5040.34,1473.72,18748.7,12403.8,5460.7,10870.3
5154.68,9189.24,13068.6,13161.5,5496.7,10967
5035.02,5778.8,13107.2,12197.3,5468.4,11279.1
5094.31,4417.6,13874.3,12161.4,5477.86,11279.1
5074.41,5567.5,12608.2,12455.2,5393.49,11365
5125.46,855.343,13623.6,17000.8,5618.06,10893.6
5092.25,4148.6,12455.7,12330.6,4846.47,11525.1
5088.67,6550.11,14179.4,12424.2,5513.09,10894.3
5246.34,4288.92,19058,12186.4,5497.41,10842.8
5088.46,3319.77,14181.2,12878.4,4888.73,10899.3
5087.49,6823.69,12846.6,12299.4,5495.25,11122.6
5247.68,4744.61,13360.3,12395.1,5127.63,11128.9
5038.91,6034.93,13490.9,12086,5404.6,11022.8
5196.31,4885.53,14657.5,16514.2,5537.18,11163.9
7440.32,4500.27,12718.8,12397.8,5505.49,11022.5
4587.8,7424.99,14301,12242.2,5444.22,11199.7
5892.09,4122.25,19504.5,12570.3,5184.94,10912.7
6223.36,6428.9,12564.5,13663.1,5168.41,11166.9
5705.91,5348.34,13621.7,12166.4,5282.9,11283
5439.37,2459.99,12806.4,12275,5192.4,11452.9
5442.55,4391.44,14125.5,12344.4,5411.78,10856
5385.3,5791.16,15011.8,16404.1,5567.08,11400
5274.92,3170.06,14058.8,12236.4,5435.06,10480.5
5116.32,7008.85,13875.2,13127.7,5537.67,11125.8
5139.19,6664.22,16973.1,11961.2,5328.61,11175.6
5311.85,3701.59,14160.8,12959.6,5345.22,10955
5220.03,4924.26,14455,12282,5428.08,10961.7
5302.74,2551.02,13273.6,12224,5473.49,10977.9
5312.66,7516.99,14446.2,12420.4,5635.54,11070.7
5263.61,7333.49,12960,16563,5322.65,10975.3
5287.49,3260.2,13639.9,12542.5,5231.34,11310.4
5436.86,5365.19,12391.2,12320.8,5402.73,10594.4
5495.67,3866.18,18502,13053.1,5003.68,10889.6
5371.67,3934.75,15908,12515.6,5426.17,10989.4
5673.01,4776.76,13720.1,12506,4836.74,11448.6
5464.05,5649.75,14888.1,12376.1,5095.29,11530
5262.9,7809.03,13349.6,12462.1,5079.13,10476.7
5294.96,3106.32,14863.9,16542.5,5425.63,11112.3
5254.57,3930.96,15011.7,12133.6,5154.37,11104
5385,4230.47,13831.7,12320.9,5437.03,11111.5
5253.25,7549.1,19238.5,12220.9,5265.1,10997.1
5219.68,5825.62,13341.3,12983.8,5386.53,11501.8
5459.8,4449.78,15239.4,12404.2,5441.92,11017.2
5291.83,3123.66,13433.2,12281.6,5478.45,11414.7
5312.95,6930.25,12435.8,12682.6,5452.77,11213.2
5219.33,6725.59,12454.7,16276.8,5602.55,10620.3
5458.06,7731.14,14442.1,12351.7,5066.22,11069.1
5073.98,2487.75,13705.8,12280.4,5096.07,10492.6
4805.16,7758.8,18043.3,12261.8,4814.64,11068.4
4537.7,8174.34,13175.6,12427.3,5065.85,11146.2
4689.91,2438.66,15160.9,12326.6,5068.14,10761.6
4567.68,5030.43,14849.6,12252.9,5172.03,10356.6
4954.44,7741.27,14482.8,12292.9,4953,11220.9
4845.05,4644.55,13981.9,16690.5,5110.32,10904.4
4735.78,7485.89,14062.8,12533,5580.69,10910.2
4775.45,4007.64,14248.8,12495.3,5535.26,11080.7
4834.51,5021.28,16975.7,17946.9,5293.24,11138.2
4917.24,4561.55,12972.1,12287.7,5208.98,11478.1
5122.85,3669.82,13641.4,12046.3,5393.47,11388.3
4982.8,4351.55,13728.1,12367.4,5416.77,11042.5
5163.77,3853.26,13660.5,15076,5407,11142.5
5150.76,5058.36,14716.6,16532.9,5241.9,10408
5098.61,3920.24,14792.9,12531.3,4877.33,10465.5
4990.04,2941.14,12959.4,12245,5216.53,11092
4914.75,3426.23,17181.3,12153,4969.27,11447
4728.87,4673.63,14563.9,12487.4,5471.34,11778.5
4661.23,4026.75,13365.8,12656.1,5307.49,10345.9
4550.94,6350.08,13085.8,12227.2,4992.03,11393.1
4578.66,7062.33,14649.6,12494.3,5379.18,11460.3
4686.29,8064.85,15003.2,16599,5611.13,11415.8
4586.63,3902.81,13980.7,12185.4,5339.71,10986.7
4540.7,6092.35,13613.3,12384,5309.69,11007.7
4813.07,5565.63,17076.3,12430,5023.06,11111.8
4682.23,6194.94,14849.5,12309.8,5092.8,11274.1
4741.57,4862.45,13185.9,12938.5,5121.86,11549
4736.69,2810.81,14159,12142,9442.91,11002.5
4738.84,3494.39,14391.3,12527.2,5533.23,11426.6
4773.12,3608.47,15237.7,16566.5,5387.33,10879.2
4711.53,3410.28,15051.3,12361.6,5219.82,11113.5
4776.46,7140.9,13868,12363.6,5395.9,11274.4
4779,6747.59,17302.6,12298.6,5297.09,10941.5
4781.87,2658.49,13011.7,12054.7,5294.39,11372.6
4793.88,2704.67,13692.3,12500.2,5458.87,10825.7
5029.69,2061.86,14309.6,12435.8,5375.48,10898.1
4810.86,6439.12,15552.3,12377.2,5353.63,11035.3
4790.34,2377.61,13280.5,16385.8,5400.35,11165.5
4797.78,7166.49,13244.3,12249.9,5561.96,11014.9
5242.35,4171.66,13828.2,12505.6,5339.83,11310.2
5578.94,7426.22,19385.5,12245.3,5363.55,11098.2
5036.48,5764.09,13297.6,12388.3,5176.89,11070.9
4861.5,5990.58,15256.1,12381.9,5534.39,11086.2
4949,6021.47,12841,12159.7,5089.23,11051
5583.46,6487.66,14458.6,12348.8,5170.48,11129.5
5638.56,3923.58,13164.4,16731.5,5071.53,10924.8
5248.99,6260.76,13388.9,12309.7,5139.01,11420.7
5219.23,5087.99,14188.2,12330.5,5427.17,10733.5
5336.36,2864.98,17922,12398.3,5269.38,10945.8
5291.76,4880.01,14962.4,12337.5,5342.68,10766.7
5245.55,5571.4,13874.6,11892.3,5459.63,11194.4
5247,5926.4,13297.8,12517.1,5550.44,10950.8
5418.4,1783.3,14267.8,12296.8,5332.8,11763.9
4817.42,4686.9,13480.2,16590.1,5489.35,11119.4
4791.23,2714.06,12812.3,12722.6,5399.3,11111.5
4826.3,3356.54,14452.4,12459.7,5478.59,11017
4744.96,3189.55,18887.1,12245.1,5271.42,10926.7
4625.38,5940.96,12807.3,12330.1,5420.63,11376.4
4614.29,4551.8,14078.6,12474.8,5341.14,11199.2
4602.87,7729.34,14482.9,12140.8,5451.83,11110.3
4620.98,6297.08,13284.8,12201.2,5356.13,11131.2
4646.56,3579.02,13285.7,16667.6,5274.46,10497.5
4814.06,4015.78,15147.2,12344.5,5258.68,10518.3
4692.77,7193.22,12598.5,13030.8,5117.61,10727.9
4613,5979.64,17885.8,12572.2,5062.44,11053.1
4582.82,5324.46,14555.4,12422.4,5373.9,10997.7
4578.75,6545.62,14242.6,12186.8,5410.78,10935.8
4630.06,6481.44,14098.9,12395.9,5291.29,10999.6
4781.06,4768.69,15323.5,12213.3,5274.29,11206.5
5100.99,5339.24,15726.7,16072.6,4848.91,11633.8
5137.92,7048.34,13014,12517.6,5421.79,11274.3
4793.61,4931,18468.8,12808.6,5008.13,11196.1
4785.53,6142.94,12763.5,12374.1,5116.87,10917
4933.94,5498.74,13219.5,12358.1,5378.2,10532.5
4956.3,6086.59,12840.4,12259.2,5374.97,10506.7
5314.94,5483.51,14488.9,12422.8,5589.58,17723.6
5203.74,6039.73,14491.4,12570.3,5389.13,10799.1
5335.1,6495.1,13283.1,16361,5431.85,11006
5282.43,7607.86,14336.1,12280.4,5061.63,11120.6
5309.2,7045.19,19137,12039,5313.1,11139.3
5315.99,4270.25,13230.9,12453.8,5503.11,10978.8
5249.44,3612.44,14000,12253.2,5236.25,11030.4
5490.6,6776.37,14276.2,12231.8,4953.93,11591.7
5241.11,6630.04,14922.3,12271.7,5390.43,10942.9
5292.59,1321.18,12404.9,12918.4,5411.53,11139.6
6259.96,4219.51,14287.9,16878.5,8092.01,10464.1
4732.32,6187.78,14237.6,13103.1,5124.11,11013.2
4529.76,5425.22,19321.3,12466.1,5112.42,11140.5
4605.42,966.392,12555.3,12204.9,5446.4,11126.5
4545.58,3699.16,15421.3,12925.8,5227.45,11031.7
4691.25,5669.51,13078.8,12406.4,5510.68,11058.6
4730.64,4267.01,12966.2,12808.3,5484.2,11072.2
4646.86,2057.39,14300.6,12152.1,5437.13,10988.9
4858.22,3051.78,13950.7,16985.3,5529.22,11744.4
4888.2,5673.48,15447.8,12259.8,5456.08,11055.5
4906.23,6684.55,19027.3,11977.6,5038.93,11261.7
5007.29,3488.22,13371,12328,5066.65,10929.7
4963.71,5340,13329.9,12457.6,5154.07,11045.3
4995.56,3022.05,13012,13018.3,5160.97,12165
4957.16,6179.06,14321.6,12586.4,4879.39,10548.1
4913.64,3721.02,12436.1,12369.3,5390.65,11153.3
4908.35,5615.11,12670.3,16290.6,4886.78,10444.4
4920,4825.77,12647.4,12549.6,4841.38,10980
4803.06,6979.6,19562.7,12212.8,5481.8,11267.5
4796.58,7067.72,13219.9,12288.4,5413.66,10875.4
4909.82,2983.05,13964.7,12391.8,5511.6,11159.8
4876.44,6067.9,14748.3,12334,5744.36,14471.3
4745.96,3007.1,14431.1,13471,4928.44,10552.1
4754.47,6810.53,13732.1,12296.1,5408.87,11048.7
4812.9,3023.25,14284.8,16513.2,5536.28,11178.9
4893.86,2677.23,13573.3,12359.6,5358.96,11134.1
4803.04,7302.81,16876.4,12513.5,5591.73,10941.7
4898.14,6371.52,13751,11984.9,5154.91,11076
4845.45,4506.64,14282.7,12482.4,5306.46,11333.6
4799.55,4249.53,13756.1,12399.1,5696.63,11187.1
4821.98,3882.34,14393.9,12432.1,5438.09,11514.1
4846.75,1970.13,14861,11998.2,5450.66,11052.3
4893.33,7305,13633.1,16305.9,5423.15,10302.2
4779.79,5992.46,15133.9,13193.2,5346.4,11457.4
4800.54,6902.81,17990.7,11978.7,4949.64,11061.1
4758.94,6065.83,12543,12470.7,5341.86,11077.9
4847.43,5720.84,14858.9,12402.6,5519.77,11286.6
4842.81,3030.71,14242,12307.6,5288.14,11410.5
5001.13,5643.3,12545.1,12114.4,5518.93,10507.1
4675.36,6419.81,13656.2,12155.1,5370.25,11002.6
4583.14,6219.7,12991.2,16545.7,4856.6,11082.2
4563.12,2064.12,14206.6,16285.1,5502.79,10919.6
4500.25,3387.11,18572,12035.1,4864.7,10460.3
4688.43,5640.79,13515.2,17089.2,5062.75,11612
4664.37,4216.59,14483.2,12416.4,5528.01,11434.4
4727.75,5708.71,12889.1,12219.4,5282.21,11397.7
4874.76,7208.32,14545.6,12397,5487.6,11069.8
4889.27,6983.75,12878.5,12322,4891.58,11332.7
5087.65,5526.01,12360.4,16780.2,5376.07,10976.9
5006.68,3424.72,12706,13114.2,4945.22,10703.5
5021.43,4964.59,16876.2,12587.8,5181.92,11304
5123.51,3781.58,14580.9,12127,5100.75,11091.6
5090.89,1583.98,14574.7,12218.5,5416.52,10982.5
5103.84,3806.96,14478,12437.7,5332.36,11072.6
5109.44,5284.81,12959.6,12422.5,5424.79,10977.7
5210.8,4979.83,12519.7,14314,5360.02,11251.1
5249.92,5263.3,13416.2,17579.2,5193.08,10957.5
5231.06,2121.01,13797.1,12266.7,5509.3,11323.9
6515.62,5898.66,19450.9,12269.4,5351.51,10788.5
4715.38,6369.46,14112.5,11950.7,5285.23,10988.2
4594.74,3322.3,13997,12245.1,5465.56,11632
4375.15,1990.22,13253.8,12215.1,5407.79,11029.5
4678.04,1359.86,13982.4,12117.9,5327.03,12737.3
4697.06,7069.69,12543,13270.3,5366.63,10878.7
4545.36,5985,17230.4,16698.5,4909.09,10520.4
4646.77,5588.07,13699.5,12457.3,4828.09,11838.2
4700.48,5633.92,16130,12403.1,5595.99,11544.2
4639.9,6378.81,12727.4,12091.5,7417.25,10514.2
4956.34,6871.06,13722.3,12477.6,5586.87,10572.4
4729.96,5985.03,14912.8,12175.1,5081.74,11217.1
4694.23,6611.41,12898,12289.9,5477,10356
4863.55,4852.34,13245.7,12138.6,5400.53,10441.5
4805.75,3134.62,12292.6,16656.6,4995.09,10997.6
4808.64,5558.5,13468.1,12336.5,4902.55,10890.6
4762.51,3730.7,19285.2,12985.7,5377.06,10898
4955.31,5092.73,13443.7,12404.2,5331.19,10957.2
4973.9,5102.22,15743.2,12565.2,5227.54,11133.5
5270.73,5509.04,13959.3,12424.7,4985.6,11074.1
5571.88,4454.98,14460.5,12639.2,5404.74,11248.2
5601.74,6563.84,14063.5,12331.5,5514.52,11132.8
6461.61,4418.37,12791,16697,5288.64,11053.7
4934.47,5343.4,12729.8,12418,5152.06,11189.3
5354.75,6080.41,22484,12406.8,5080.94,10970.8
4655.97,4668.27,15314.1,13014.3,5359,11046.9
4629.1,5727.95,14253.1,12557,5217.02,11035.4
4750.28,5119.25,14350.6,12222.3,5175.66,10993.5
4832.31,6690.93,14915.2,12327.6,5397.15,11318
4942.43,3946.36,12547.6,12393.7,5417.05,11012.5
5042.24,4798.16,12253.4,16844.4,4978,10994.2
5047.96,4274.93,12484.6,12574.6,5212.13,10947.2
5177.42,3664.17,19527.7,12238.7,5566.3,11050
5157.49,3765.76,12495.4,12090.4,5376.14,11077.3
5046.22,2732.25,14100,12293,5498.51,10967.4
5086.05,5449.82,13878.5,12399.6,5479.85,11250.8
5218.15,3313.47,12992.4,12412.9,4893.36,11297.3
5075.15,5926.56,12535.1,12314.4,4876.52,11133.6
5076.92,6675.33,13775.2,16671.5,5317.71,11022.3
5082.22,4483.13,13697.7,12655.4,5140.26,11051.7
5100.19,4905.84,16757.2,12346.1,5344.36,11119.2
5127.89,1980.19,12417.2,12384.7,5193.22,11166.6
5083.13,3745.89,14702.4,12275,5294.71,11135.6
5080.85,5998.39,14967.5,12410.1,5474.31,14882.3
5090.58,4576.5,14613.6,13001.4,5050.04,10888.1
5184.51,3340.79,13112.7,11953.4,5456.22,10967.9
5195.07,4844.75,12499.8,16564.9,5316.86,11383.7
5106.72,4767.12,14474.3,12797.5,5066.77,11207.2
5122.12,7821.97,18468.7,12081.1,5118.58,10974
5089.08,7017.45,15040.5,12508.2,5375.93,11103.2
5145.72,5250.7,17523.5,12515.4,5435.99,10875.9
5173.73,5944.39,14631,12386.6,5330.22,10970.6
5069.67,1907.46,14394.6,12840.3,5381.89,11234.9
5975.45,6112.41,13311.7,14211.8,5370.9,11272.7
5373.06,5223.15,12374.1,16900.3,5363.79,10913.6
4660.93,5097.86,18773,12245.2,5291.09,11230.1
4660.88,788.836,13884.8,12300.1,4893.45,11060.9
4600.06,5243.74,13401.1,12199.9,5104.4,11057.1
4750.61,5717.26,14212.2,12249.7,5033.1,10981.3
4653.85,6760.42,14164.6,12199.7,5421.83,11006.7
4620.18,2455.01,15278.2,12353.7,5503.81,11216.9
4705.11,5208.05,15361.8,12147,5323.97,10673.1
4688.65,5628.92,13004.8,16566.1,5557.13,11187.2
4740.93,6992.59,17100.9,12434.2,5330.74,11035.7
4623.62,6394.59,14621.2,12395.1,5137.59,11135.9
4677.74,3513.34,13297.1,12286.6,5462.23,11085.7
4774.65,7715.42,14751.5,12394.5,5602.31,10975.7
4793.14,5823.72,13838.5,12364.2,5470.25,13985.5
4774.07,3992.23,12410.5,12343.2,5240.64,11414.9
4763.67,6211.02,12590.4,12344.2,4939.96,11443.2
4774.37,7397.74,12930.7,16005.6,5419.75,10915.2
4864.9,617.989,19217.5,12697.3,5436.8,10972.9
4832.3,6612.23,12806.5,12471,5379.48,11012.2
4889.86,6403.37,13380,12511.5,4948.78,11024.4
4917.29,3723.69,13764.5,12854.2,4821.31,11244.6
5040,3846.08,13613,12244.3,5114.02,10589.9
4967.43,4359.5,14984.1,12774,5389.52,11106.5
4872.53,5113.76,13750.1,12353,5378.91,10989.5
5027.25,6751.64,14550.4,16266.3,5309.22,11003.4
4897.64,6930.88,16583.9,12240.3,5381.93,11012.4
4891.77,4648.69,15053.9,11941.2,5341.03,10709.3
4754.71,5259.41,13612.1,12059.1,5356.89,11217.3
4811.76,6560.24,12827.9,12473,4856.79,11037.2
4862.72,7930.76,13382.7,12788.9,4984.68,11075.7
4726.08,5849.1,14246.5,13208.4,5185.01,11174.1
4688.07,6727.77,12710.5,12351.3,5589.14,11134.3
4956.14,5436.92,13939.8,16511,5314.71,10398.8
4842.98,5881.13,17599.5,12323,4860.53,10970.1
4793.15,6770.94,14572,12869.5,5458.85,11024.5
4750.32,5937.88,12641.5,12282,5483.26,11156.1
4813.98,5877.48,12686.1,12254.4,5545.79,11288
4782.94,6659.85,14460.8,12399.6,5402.28,11084.3
4834.53,7368.27,12834.2,12367.6,5355.94,11090.1
4792.4,2039.55,13094.7,12468.1,5361.37,11257.7
4829.17,2661.63,14266.3,16118.7,5104.12,11816.2
4875.35,1247.52,17917.9,12282.5,5257.89,10479.8
5340.37,1102.38,14114.9,12227.7,5403.9,16577.5
4752.28,6901.56,13862.9,12293.1,8785.51,11056.4
4645.91,2450.26,13818.6,12947,4909.03,10972.2
4520.17,4880.79,14560.8,12318.9,5516.22,11052.7
4747.73,5634.23,14561,12421,5182.16,10996.4
4987.22,6220.24,14142.1,14089,5290.05,10988.5
4850.59,3283.97,14925.5,17576.7,5415.1,11206.3
5004.26,6608.3,17383.5,13090,5466.89,10309.1
5044.53,7237.07,12594.1,12891.8,5414.47,11518.1
5078.33,5221.83,14015.6,12968.6,5184.9,11198.1
5211.7,2324.11,13199.4,12409.2,5306.66,11153.5
4988.2,5508.24,13347.5,11984,5273.36,11255
4951.68,4452.28,13863.9,12419.9,5362.97,11225.6
4894.55,4112.38,12609.5,12434.1,4934.08,11051
5031.2,4985.89,12705.2,17183.2,5080.01,10935.3
4970.51,2832.31,17418.3,12479,5100.86,11282.4
5153.12,6585.42,13089.2,12485.4,5112.69,11814.1
4562.05,4458.75,14774.3,12098.3,5406.51,10872.3
4432.66,7491.05,12994.2,12381.5,5282.84,11627.5
4418.8,4685.56,13652,12479.1,6025.55,11612
4458.3,5836.18,14869.2,12423,5508.84,11761.9
4645.92,3569.3,14150.3,12882.5,5222.15,10484.2
4521.39,5492.68,13530.3,15896.2,5108.8,10810.2
4615.37,7481.79,19065.2,12404.6,5148.43,11026.5
5023.07,2337.96,12618.1,13182.7,5386.99,10957.4
4881.35,3344.37,13807.5,12307,5101.86,11112.4
5023.38,5610.51,13293.8,12551.9,5397.07,10977.4
5172.85,5741.59,12742.1,12053.1,5064.33,10950.4
5286.33,5451.48,12329.4,12714.6,5063.74,11182.4
5337.12,6745.9,14872.2,12348.1,5227.38,11133.1
5300.5,4013.51,13675.3,16320.4,5341.54,11114.8
5331.24,5893.18,18433.5,12214.4,9093.06,11409.5
5311.8,5544.97,13668.6,12370.6,5030.54,10955
5287.58,5245.48,14760.9,12349.9,5073.06,11110.6
5176.71,5611.48,12504.1,12181,5102.47,11656.8
5205.31,5142.47,13804.5,12289.3,5080.29,11826.7
5256.82,5982.85,14812.9,12145.7,5344.79,11116.2
5153.74,5756.7,12709.5,12433.7,5232.7,11214.9
5100.15,5892.06,12692.2,15832.1,5270.62,11180
5172.87,5194.72,18991.2,12338.4,5569.14,11004
5189.76,6150.48,14472.6,12101.9,5346.16,10969.9
5217.98,5643.54,12904,12208.6,4947.73,11334.8
5097.83,1531.71,13017.2,12795,5406.44,11082.5
5175.75,5702.3,13568.2,13038.6,4846.93,11108.6
4739.05,5291.72,13921.8,12742,5153.36,10735.5
4641.23,4809.8,13234.4,14578.7,4932.36,17569.2
4694.6,3799.61,14086.9,16814.5,5285.6,11057.5
4632.4,5647.83,18772.6,12350.9,5408.6,11093.8
4697.53,6295.16,12993.1,12273.8,4849.68,11417.9
4616.95,5938.2,14104.5,12268.8,5300.89,11657
4647.86,5695.73,14452.3,12197.8,5374.63,11233
4649.67,4794.64,12471,12316.7,5465.63,10529
4522.39,5459.67,12432.2,18258.8,5598.94,11176.9
4684.66,5169.47,13995.1,12138.7,4964.25,10954.6
4533.81,6621.91,12447.5,16907.8,5120.2,10510.3
4773.93,6615.64,19380.3,13095.1,5391.37,11456.6
4847.73,3661.66,14559.7,12252.8,4916.77,10710.2
4763.18,5327.28,15108.9,12203.3,5322.61,11506.9
4818.79,5952.66,13748.3,12354.9,5228.02,10788.5
4881.22,6402.44,12765.2,13214.6,5182.68,11216.4
4806.46,4816.99,13941.7,11889.5,4900.44,11509.1
4783.02,4386.72,12454.8,12256.1,5066.97,11240.9
4722.24,5011.99,13520.4,16701.7,5069.78,11131.2
4789.28,1990.47,18028.1,12254.3,5061.54,10920.4
4861.75,3277.91,15056.8,12153.7,5091.86,11358.1
4707.34,5433.2,14624.6,12560.3,5314.35,11005.4
4679.69,845.956,13033.4,12332.9,5504.76,11013.6
4664.12,7186.54,14893.3,12421.9,4960.34,10891.7
4714.74,6458.35,13373.2,12469.5,5354.92,11091.5
4750.14,3075.24,12976.4,12361.3,5435.27,11212
5016.51,3804.47,13026.7,15899.1,4990.91,12404
5006.4,5769.43,19185.8,12402,5614.45,12584.4
5182.93,5203.85,13353.3,12372.4,5247.67,11120.9
5181.96,4165.42,14580,12251.9,5502.64,10910.2
5336.55,5179.09,15094.2,12108.6,4861.87,11523.7
5096.45,6283.7,14149.5,12293.2,5298.02,10894.7
5364.54,5826.9,14632.8,12261.6,5479.16,11523.7
5153.31,5211.34,13441.7,12343.5,5003.21,11172.1
5258.27,4511.7,14463.1,17280.1,5399.65,11113.8
5179.05,6203.96,18798.4,12297,5445.03,10868.1
5162.99,3728.41,12216.5,12512,5353.36,11212.5
5147.99,7205.08,15834.9,12298.8,5068.99,11104.7
5215.94,6148.2,14629.2,12826.4,5057.38,10301.3
5561.54,4399.02,14317,12372.7,5114.4,11440.7
5124.1,4361.35,14639.2,12299.6,5383.57,11157.3
4843.65,5753.09,14384.3,12302.8,5035.19,11258.7
4980.89,6203.09,14138.1,16506.8,5593.52,11186.4
4946.88,3948.48,16725.3,11867.6,5191.65,11338.6
4992.05,2349.63,14253.4,12260.1,4941.42,11100.4
5063.19,6433.09,13436.8,12506.5,5388.67,11518.4
5300.5,2876.9,12664.6,12295.7,5466.04,11174.2
5360.52,4978.7,12762.5,12312.6,5376.86,11354.7
5226.87,7158.25,14532.6,12234.7,5504.44,11234
5367.9,1162.39,13056.5,12506.1,5017.98,11077.8
5314.75,5886.48,13783.4,16026.1,5346.1,11016.5
5175.04,6532.1,18506.8,12216,5289.05,11228.5
5798.97,5528.46,13116.1,12170.1,5599.37,10484.8
5904.79,4876.6,14117.4,12345.4,5354.15,11275.3
5453.1,4819.95,14380.1,12464.7,5360.23,10538.6
5364.57,8842.4,14059.5,12083.2,5458.3,11112.9
5477.27,7033.21,14501.5,12375,5537.03,11775.7
5431.67,5053.44,14214,12513.6,5293.7,11028.3
4990.58,6286.03,13671.8,16861,5314.55,11484.2
4884.94,5279.24,19195.6,12135.9,5321.88,10757.9
4879.8,4474.35,14076.7,12081.6,5032.43,11238.5
4977.34,6186.62,13189.4,13722.7,5089.68,11002.3
5211.46,5958.29,13207.1,12377.9,4983.5,11077.2
5385.9,6867.75,14645.7,11970,5302.89,10928.5
5403.31,5764.16,13839,11901.5,5313.71,11006.5
5544.02,5634.05,13220.2,12389.7,5358.93,11180.2
5564.35,3627.22,13407.7,16601.9,5309.16,11667
5396.08,3836.6,18724.9,12180,5271.24,11001.5
5497.41,2684.06,13380.8,12398.5,4996.1,11141.3
5496.35,5901.58,13907.4,12608.5,5249.04,11259
5523.47,4252.73,12863.7,12102.4,5223.74,10734.6
5626.19,6437.32,13559.1,12147,5348.85,10861.9
5550.49,4572.79,14286.5,12128.1,5339.81,11725.4
5589.85,6662.91,13395.5,12421.6,5472.68,10503.7
5688.46,1805.47,20173,17420.7,4971.2,11375
5862.82,8070.1,14569.7,12457.7,5054.71,11207.9
5792.98,7144.52,13841.9,12469.2,5182.64,11066.5
5762.76,2978.97,14317.8,12277.1,5397.08,10921.4
5525.28,4493.52,14788.2,12771.2,5391,11284.9
5716.53,6262.88,12960.3,12333,5435.66,11179
5712.5,6972,13711,12522.4,5425.78,11043.5
5679.84,4451.75,13456.6,13044.5,5359.81,11000.9
5642.27,5614.61,19917.8,17090.4,5305.62,11640.6
5735.43,3172.48,13384.2,12294.4,5401.74,10811.6
5537.67,2963.04,15094.8,12151.6,5178.73,10834.8
5581.93,7796.4,13633.8,12205.7,5418.03,11354.4
5516.92,1229.02,12367.2,12249.4,5428.43,11687.3
5524.4,3679.25,15476.3,12470.5,5021.98,11137.5
5432.92,7801.6,14903.8,16553.6,5122.31,11608.1
5470.15,5047.8,12920.9,12379.8,5048.67,10996.4
5340.98,6792.33,18622.5,16792.7,5526.49,11362
5319.66,4291.96,15040.2,13517.2,5475.7,11716.5
5288.94,4947.34,12929.8,12407,5336.31,10973.3
5363.9,4563.91,13070.2,12239.5,5658.41,10973.5
5287.38,6870.97,14397.9,12448.3,5421.26,11166.4
4922.74,5387.55,13844,12189.1,5454.01,11255.9
5030.39,931.713,13288.3,12069.2,5334.12,11045.9
4877.91,5706.26,13534.1,12379.6,5292.9,10382.2
4955.08,7320.16,18414.5,16691.2,5319.23,10897.7
5078.78,3144.69,13079.5,12429.2,5433.41,11135.2
5211.57,2592.3,12908,12305.1,5458.46,11239.7
5249.65,6415.4,15135.1,12742.2,5193.09,11345.8
5018.2,1312.24,14164.2,12481.4,5109.6,10918.3
5023.16,6500.2,12243.2,12200.9,5164.63,10977.3
5005.24,7061.69,12726,12337.4,5142.85,11192.1
5066.97,3698.37,14823.9,12815.8,5285.78,11730.6
5128.44,6890.55,18792.7,16698.1,5237.73,11082.4
5177.81,1362.09,12392.9,12305.1,5480.1,11414.9
5216.06,2793.39,13182.6,12385.4,5356.69,11288.3
4641.74,6633.68,14128.9,12083.5,5475.6,11208.5
4569.35,4694.65,14117.8,12472.6,5399.11,11265.2
4652.32,6121.66,14132,12162.7,5616.76,11107.9
4805.08,5795.81,13742.5,12371.1,5373.86,10592.2
4939.14,4408.28,13920.8,12195.5,5078.03,10782.3
5069.71,4348.66,18706.3,16396.4,5043.12,11006.9
5189.6,5171.81,12312.4,12367.4,5059.3,11582.4
5116.04,1852.56,13525.4,12298.1,4964.95,10394.2
5279.12,3766.84,14902.9,12356.6,5080.86,10704.7
5239.86,6652.24,14249.8,12310.9,5135.44,11015.7
5167.4,4880.82,13130.9,12401,5216.5,10464.2
5256.37,4784.15,13770.8,12404.6,5387.74,11262.4
5351.67,4921.82,14546.8,12445.4,5328.83,11165.7
5307.44,3216.21,19245.7,16812.9,5442.44,11018.4
5493.76,6291.45,14183.5,12379.1,5455.17,11230.2
5435.89,4079.71,13672.5,12429.2,5394.93,11538.3
5366.73,7573.45,12894.5,12355.6,5378,10910.9
5615.52,1933.16,13544.3,13060.5,5479.42,11060.4
5424.84,7492.81,13721.2,12367,5688.89,11254.1
5414.36,1782,12601,13051.7,5463.79,11010.9
5406.69,2458.01,13519.3,12869.1,5573.61,10415.2
5373.87,5433.39,18868.6,16719.3,5175.63,10543
5404.75,5417.57,12815.2,12181.6,4917.97,11252.5
5346.53,6172.64,14389.9,13521.5,5047.04,12227.7
5338.09,2593.36,14622.4,12297.3,5395.57,11220.3
4913.36,5876.12,13579.8,12363.1,5365.81,10869.1
4608.47,3179.17,13207.4,13631.4,5361.03,11042.1
4464.7,4322.67,13604,12583.6,5331.15,11411
4582.69,6969.78,13835.7,12378.2,5159.57,10966
4532.98,3777.38,18940.3,16616.9,4816.33,10995.2
4521.07,2739.52,15557.2,12078.8,5363.72,11029.7
4619.99,6752.47,13892.4,12524.3,5416.23,11025.9
5588.95,3546.15,12801.3,12288.9,4846.78,11196.5
6420.73,6922.4,12531.7,12183.3,4985.37,11039.3
6832.78,3354.98,13242.6,12201.8,5414.03,11372.1
6871.51,6965.38,12379,12458.1,5280.29,11559.6
5758.76,5182.22,12883.1,12381.4,5451.64,10958.5
5473.32,5540.22,16978.5,15986.7,5241.12,11724.8
5402.84,5831.81,13806.3,11914.1,5390.57,11003.2
5329.96,6071.1,12488.2,12333,5385.24,11349.3
5621.24,4156.24,14601.4,12731.1,5425.44,10963.1
5375.75,5603.81,13651.7,13069.4,5467.08,13990.9
5305.52,5291.61,13684.2,12174.8,4990.18,10953.8
5290.03,5135.09,14677.6,12395.3,5347.62,11205.3
5174.58,5569.46,13464.8,12422.1,5347.63,11103.6
5227.08,5260.9,17643.9,16702.9,5505.9,11225
5113.49,4180.24,12674.2,12032.1,5356.93,11118.9
5353.87,5461.26,13067.5,12352.5,4860.15,11101.8
5635.36,6430.6,12657.4,12344.5,5278.53,11194.7
7446.79,6637.57,14097.7,12315.9,5328.02,11209.3
5203.64,5274.27,13263.2,12393.2,5378.65,11120.8
5103.2,5010.83,12429.8,12406.2,5535.78,11020.1
5050.9,4212.27,14004.1,12425.8,5431.41,11179.9
4996.33,6168.46,17471.6,16573.1,5458.62,11023.7
5156.19,5286.48,14065.6,12221.1,5024.59,11084.6
5099.15,8209.87,14429.4,12340.3,5155.74,11114.8
5559.15,5000.3,12512.4,12274.5,5486.9,11301.3
6354.76,6565.14,12866.2,12529.1,5308.41,11025.6
5522.39,5885.74,13297.9,12296.4,5090.45,12054.7
5435.14,5760.27,13028.2,12911.8,5325.3,11755.5
5453.17,4410.57,14666.5,12067.6,5326.98,11425.4
4963.43,1564.76,17464.7,16368.7,5320.73,10802.6
4648.45,4309.61,13924.1,12250.4,5029.6,10502.8
4654.73,6935.78,13810.9,12122.5,5070.06,11258.9
4678.57,4331.85,14067.9,12207.1,5413.93,11353
4859.65,4189.53,13644.1,12855.4,5643.17,10890.4
4812.27,5525.59,13991.7,12022.4,5399.99,11247.9
4648.98,6744.04,13199.5,12250,5494.74,11589.2
4642.31,6349.7,12732.3,12380.7,5326.58,11188.1
4705.28,3881.89,17718.8,16422.2,5336.62,11186.4
4805.43,3863.64,13403.5,12831,4992.48,11153.7
4893.18,6794.92,14799.6,12196.1,5368.63,11227.6
4863.98,3225.85,13780.9,12663.3,5105.03,11232.5
5002.53,1372.41,13675.1,12335.7,5043.82,11000.5
4949.91,5432.15,13208,13013.6,5192.09,11240.8
5043.88,2506.57,14590.9,12253.6,5138.09,11345.9
5198.51,2542.01,12959.7,13065.8,5412.36,11225.4
5147.43,3665.33,16744.7,16282.7,5159.41,11526.2
5239.04,4269.28,14350.8,12396.1,5260.92,11864.7
5169.53,2517.4,12677.6,12458.1,5223.45,10921.9
5577.58,6058.29,16718,13328.9,5926.6,10873.7
4757.35,5556.56,13744.1,12502.7,5263.11,10438.9
4486.83,3660.68,13575.3,12328.5,5486.19,10969.2
4441.42,4883.91,12516.7,12002.3,5360.31,11395.7
4492.14,4011.5,14909.1,12105.2,5311.42,10949.4
4515.9,6825.4,19087.9,16535.9,5463.79,11077.7
4584.61,5451.92,12992.2,12418.8,5489.77,11281.7
4641.61,5568.93,14872.5,12222.2,4908.89,11845.9
4714.84,2548.95,12706.1,12340.5,5353.7,11148.1
4888.29,5084.68,12606.2,14449.4,10972.7,10675.7
4787.7,4563.95,13118.5,12744.1,5098.07,10538.6
4810.66,2471.78,13372.8,12226.3,5007.72,11075.6
4754.53,6296.14,13609.6,12468.3,5368.08,11501.1
4977.91,7192.8,19243.2,16944.2,5365.7,11246.6
4631.69,4761.71,13006.9,12324.1,5049.38,11154.6
4595.03,3947.82,14987.5,12421.8,4816.68,11078.8
4636.34,5448.53,12646,12227.7,5160.89,11634
4593.13,5805.61,13615.7,12388.9,5039,11101.4
5127.24,4030.55,13819.1,12322.1,5470.17,11209.6
5685.66,2513.62,12873.4,13047.5,5071.25,11669.8
6498.11,7248.03,12538.3,12474.9,5366.68,11297.5
5986.92,4929.02,18463.4,16633.7,4963.27,11209.1
5399.51,6227.78,13480.2,12562.1,5133.67,11534.1
5174.07,6188.07,13133.4,12235,5220.91,11037.4
5142.8,5903.89,13275.3,12762.7,5347.16,14344.1
4750.43,4129.13,12596.6,12269.7,5477.27,11573.8
4773.51,4301.08,12903.9,12432.8,7309.54,11156.7
4727.68,2848.84,14937.2,12338.8,5032.13,11056.4
4885.87,6089.85,14776.1,12481,5118.65,11108.7
5035.64,6167.39,20569.9,16848.3,5499.76,11366.4
5040.46,5589.13,15032.5,12388,4942.36,11706.6
5139.53,3857.83,13671.5,12304.2,5379.12,11141.9
5283.1,4694.8,13759.4,12401.5,5493.72,11096.2
5239.11,6103.63,13268.4,15323.8,5737.66,10839.2
5179.74,4023.42,13807.7,13144.6,5458.23,10446.6
5242.56,6180.85,13469.1,14228.7,4823.17,11141.3
5141.74,7195.8,14486.6,17665.2,5604.45,11091
5335.12,1124.91,16731.7,13356.7,5304.62,11403.3
5288.16,5300.5,13246.1,12405,5066.28,11695.6
5408.98,2494.64,12572.7,12644.1,4999.1,11196.1
5051.86,6246.19,13434.7,12221.3,5105.14,11249.3
5613.33,5535.47,12595.5,12503.5,5464.91,10427.2
5998.27,5345.2,12796.1,12278.6,5462.08,11150.7
6026.27,6828.67,12522.1,12640.4,5258.05,11502.9
5109.61,4698.14,12557.3,16798.4,5136.83,11188.8
4883.76,4582.87,18214.1,12619.3,5360.18,11566
4838.35,3184.49,12965.8,12682.6,4994.28,11514.2
4757.15,5064.37,13521.7,12373.7,5089.92,11550.4
4757.99,6295.18,13561.3,12045.4,5249.64,10982.7
4776.35,5225.76,14273.2,12213,5117.98,11618.4
4807.06,4883.78,14834.9,12398.3,5139.23,11795.7
4910.69,5640.39,14458.6,13159,5209.23,10968.2
4900.94,3856.72,14456,16539.4,5416.53,10938.8
5610.18,5295.32,17393.6,12064.3,5442.83,11111.4
4890.51,3056.64,13442.7,13196.7,5381.06,11005.6
4572.63,4509.66,12556.1,12431.1,5377.28,11500.8
4669.03,3941.04,12494.4,13025.4,5170.5,11041
4749.33,2625.01,13694.2,12432.8,5147.01,11057.1
4930.69,3835.36,13647.3,12353.3,5245.27,11182.5
4886.01,5412.81,15277.5,12439.2,5387.42,11307.6
4970.01,4006.38,13367.4,16922.6,5436.48,11069.9
4961.59,5628.87,22437.9,12345.9,5464.75,10933.3
4999.57,6967.38,12781.1,12332,5355.72,11040.2
5200.85,6002.07,13462.9,12409.9,5585.6,11088.8
5101.1,4581.87,12555,12570.8,4897.73,10932.8
5194.44,4439.22,14259.2,12169.1,5303.74,11190.6
5124.64,2447.78,13576.9,12937.7,5050.84,11097.4
5237.25,4571.55,12565.4,11832.8,5001.87,12772.2
5168.09,6128.86,14322.5,16162.3,5286.69,11361.2
5347.67,6347.48,18145.3,12353.6,5040.62,13095.4
5178.77,3513.53,13166.5,13260,5010.04,11034.9
5092.69,6976.13,13992.7,12430.8,5175.62,11488.1
5029.59,3660.23,13136.8,12277.8,4856.4,10830.9
5174.63,3441.3,13652.8,12429,5399.95,11282.7
5188.14,5511.24,13611.3,12473.4,4938.53,10621.5
5202.88,6562.54,13720.6,12243.9,5453.33,11091
5240.77,2037.31,14147.3,16556.2,5221.65,11560.7
5238.94,2798.62,18441.8,12070.2,4897.91,11508
4992.49,4570.6,14439.1,12783.4,5021.7,11068.4
4755.73,6708.14,12715.5,12035.1,5078.27,11504.1
4715.22,3012.38,13465.2,12593.5,5301.12,12010.7
4687.54,6312.12,14190.7,12220.6,5386.48,11227.3
4720.77,5016.96,15331.5,12462.5,5256.12,14799.8
4783.53,3122.04,14717.6,12260.1,5244.12,11430.4
4799.77,4943.47,12398.8,17116.1,5428.12,11005.2
4787.39,4468.59,18488.6,12292.9,5392.37,11655.6
4800.06,4927.89,13098.2,12296.4,5436.26,11512.2
4842.45,5708.11,14325.8,12252.7,5352.72,11452
4896.74,3302.26,12491.7,12626.2,5231.45,11146.7
5061.11,7576.5,12866.9,12296.3,5333.16,11538.7
5222.19,6212.63,14499.4,12353.7,5365.19,10863.4
5142.92,5811.52,13825.1,12132.7,5340.96,10422.8
